{"cameraMode":{"drawMode":0,"name":"Shaded","section":"Shading Mode"},"sceneLighting":true,"audioPlay":false,"sceneViewState":{"m_AlwaysRefresh":false,"showFog":true,"showSkybox":true,"showFlares":true,"showImageEffects":true,"showParticleSystems":true,"showVisualEffectGraphs":true,"m_FxEnabled":true},"in2DMode":false,"pivot":{"x":2.8207716941833498,"y":12.880000114440918,"z":58.446659088134769},"rotation":{"x":0.10356929153203964,"y":-0.7062873244285584,"z":0.10566093772649765,"w":0.6923003196716309},"size":14.615887641906739,"orthographic":false}