{"cameraMode":{"drawMode":0,"name":"Shaded","section":"Shading Mode"},"sceneLighting":false,"audioPlay":false,"sceneViewState":{"m_AlwaysRefresh":false,"showFog":true,"showSkybox":false,"showFlares":true,"showImageEffects":true,"showParticleSystems":true,"showVisualEffectGraphs":true,"m_FxEnabled":true},"in2DMode":false,"pivot":{"x":4.920000076293945,"y":12.630000114440918,"z":0.30000001192092898},"rotation":{"x":-0.04431477189064026,"y":0.9150944948196411,"z":-0.10476794093847275,"w":-0.3868921399116516},"size":1.2247449159622193,"orthographic":true}